,LearningRate,WindowSize,ValidationAccuracy,Bias,Variance,Time
0,0.1,1,0.9166666666666666,7.916666666666667,0.0,9.657625198364258
1,0.1,2,0.9166666666666666,7.916666666666667,0.0,6.250997304916382
2,0.1,4,0.9166666666666666,7.916666666666667,0.0,5.519999742507935
3,0.1,100,0.9166666666666666,7.916666666666667,0.015,4.465000867843628
4,0.1,5,0.9166666666666666,7.916666666666667,0.0,5.241117000579834
5,0.1,10,0.9166666666666666,7.916666666666667,0.0,5.248176097869873
6,0.1,50,0.9166666666666666,7.916666666666667,0.013333333333333334,5.918999195098877
7,0.1,20,0.9166666666666666,7.916666666666667,0.0,4.719999313354492
8,0.1,25,0.9166666666666666,7.916666666666667,0.0,4.839004993438721
9,0.7125,1,0.9166666666666666,7.916666666666667,0.0,9.9199960231781
10,0.7125,2,0.9166666666666666,7.916666666666667,0.0,6.249899864196777
11,0.7125,4,0.9166666666666666,7.916666666666667,0.0,5.510164022445679
12,0.7125,100,0.9166666666666666,7.916666666666667,0.0016666666666666668,4.300026178359985
13,0.7125,5,0.9166666666666666,7.916666666666667,0.0,5.292246341705322
14,0.7125,10,0.9166666666666666,7.916666666666667,0.0,5.170697450637817
15,0.7125,50,0.9166666666666666,7.916666666666667,0.021666666666666667,6.001996755599976
16,0.7125,20,0.9166666666666666,7.916666666666667,0.0,4.825000286102295
17,0.7125,25,0.9166666666666666,7.916666666666667,0.0,4.919000148773193
18,1.3250000000000002,1,0.9166666666666666,7.916666666666667,0.0,9.835999727249146
19,1.3250000000000002,2,0.9166666666666666,7.916666666666667,0.0,6.273025035858154
20,1.3250000000000002,4,0.9166666666666666,7.916666666666667,0.0,5.523000478744507
21,1.3250000000000002,100,0.9166666666666666,7.916666666666667,0.0016666666666666668,4.430999517440796
22,1.3250000000000002,5,0.9166666666666666,7.916666666666667,0.0,5.483027458190918
23,1.3250000000000002,10,0.9166666666666666,7.916666666666667,0.0,5.355999946594238
24,1.3250000000000002,50,0.9166666666666666,7.916666666666667,0.02,6.507002115249634
25,1.3250000000000002,20,0.9166666666666666,7.916666666666667,0.0,5.3779988288879395
26,1.3250000000000002,25,0.9166666666666666,7.916666666666667,0.0016666666666666668,5.114001750946045
27,1.9375000000000002,1,0.9166666666666666,7.916666666666667,0.0,10.107997417449951
28,1.9375000000000002,2,0.9166666666666666,7.916666666666667,0.0,6.498003244400024
29,1.9375000000000002,4,0.9166666666666666,7.916666666666667,0.0,5.821997404098511
30,1.9375000000000002,100,0.9166666666666666,7.916666666666667,0.0016666666666666668,4.480001211166382
31,1.9375000000000002,5,0.9166666666666666,7.916666666666667,0.0,5.34699821472168
32,1.9375000000000002,10,0.9166666666666666,7.916666666666667,0.0,5.428000211715698
33,1.9375000000000002,50,0.9166666666666666,7.916666666666667,0.016666666666666666,6.061002969741821
34,1.9375000000000002,20,0.9166666666666666,7.916666666666667,0.0,4.981997013092041
35,1.9375000000000002,25,0.9166666666666666,7.916666666666667,0.0016666666666666668,5.069002389907837
36,2.5500000000000003,1,0.9166666666666666,7.916666666666667,0.0,10.159997463226318
37,2.5500000000000003,2,0.9166666666666666,7.916666666666667,0.0,6.271002531051636
38,2.5500000000000003,4,0.9166666666666666,7.916666666666667,0.0,5.6449973583221436
39,2.5500000000000003,100,0.9166666666666666,7.916666666666667,0.07166666666666667,4.418003559112549
40,2.5500000000000003,5,0.9166666666666666,7.916666666666667,0.0,5.598997354507446
41,2.5500000000000003,10,0.9166666666666666,7.916666666666667,0.0016666666666666668,5.3919994831085205
42,2.5500000000000003,50,0.8333333333333334,8.0,0.05833333333333334,6.238001346588135
43,2.5500000000000003,20,0.9166666666666666,7.916666666666667,0.0033333333333333335,5.053003787994385
44,2.5500000000000003,25,0.9166666666666666,7.916666666666667,0.015,5.251997709274292
45,3.1625,1,0.9166666666666666,7.916666666666667,0.0,9.842000484466553
46,3.1625,2,0.9166666666666666,7.916666666666667,0.0,6.434000015258789
47,3.1625,4,0.9166666666666666,7.916666666666667,0.0,5.663006067276001
48,3.1625,100,0.9166666666666666,7.916666666666667,0.07333333333333333,5.073995590209961
49,3.1625,5,0.9166666666666666,7.916666666666667,0.0,5.719998121261597
50,3.1625,10,0.9166666666666666,7.916666666666667,0.0016666666666666668,5.533003568649292
51,3.1625,50,0.8333333333333334,8.0,0.065,6.216000318527222
52,3.1625,20,0.9166666666666666,7.916666666666667,0.0,4.964000225067139
53,3.1625,25,0.9166666666666666,7.916666666666667,0.006666666666666667,5.170010328292847
54,3.7750000000000004,1,0.9166666666666666,7.916666666666667,0.0,10.145002603530884
55,3.7750000000000004,2,0.9166666666666666,7.916666666666667,0.0016666666666666668,6.437997102737427
56,3.7750000000000004,4,0.9166666666666666,7.916666666666667,0.0033333333333333335,5.82900333404541
57,3.7750000000000004,100,0.9166666666666666,7.916666666666667,0.14500000000000002,4.846996784210205
58,3.7750000000000004,5,0.9166666666666666,7.916666666666667,0.0033333333333333335,5.3999998569488525
59,3.7750000000000004,10,0.9166666666666666,7.916666666666667,0.0016666666666666668,5.421000003814697
60,3.7750000000000004,50,0.9166666666666666,7.916666666666667,0.07333333333333333,6.4049999713897705
61,3.7750000000000004,20,0.9166666666666666,7.916666666666667,0.021666666666666667,4.979000091552734
62,3.7750000000000004,25,0.9166666666666666,7.916666666666667,0.021666666666666667,5.1790008544921875
63,4.3875,1,0.9166666666666666,7.916666666666667,0.0,10.050999402999878
64,4.3875,2,0.9166666666666666,7.916666666666667,0.0016666666666666668,6.393999814987183
65,4.3875,4,0.9166666666666666,7.916666666666667,0.006666666666666667,5.628000020980835
66,4.3875,100,0.8333333333333334,7.916666666666667,0.16833333333333333,4.828001260757446
67,4.3875,5,0.9166666666666666,7.916666666666667,0.0033333333333333335,5.352414608001709
68,4.3875,10,0.9166666666666666,7.916666666666667,0.01,5.368000030517578
69,4.3875,50,0.75,7.916666666666667,0.09666666666666668,6.141002893447876
70,4.3875,20,0.9166666666666666,7.916666666666667,0.016666666666666666,4.963996648788452
71,4.3875,25,0.9166666666666666,7.916666666666667,0.02666666666666667,5.062000513076782
72,5.0,1,0.9166666666666666,7.916666666666667,0.0,9.913999795913696
73,5.0,2,0.9166666666666666,7.916666666666667,0.0033333333333333335,6.395000457763672
74,5.0,4,0.9166666666666666,7.916666666666667,0.005,5.550000429153442
75,5.0,100,0.8333333333333334,8.0,0.18333333333333335,4.858000040054321
76,5.0,5,0.9166666666666666,7.916666666666667,0.0033333333333333335,5.20800518989563
77,5.0,10,0.9166666666666666,7.916666666666667,0.006666666666666667,5.435994625091553
78,5.0,50,0.8333333333333334,8.0,0.08,6.252999544143677
79,5.0,20,0.9166666666666666,7.916666666666667,0.03333333333333333,4.859003067016602
80,5.0,25,0.9166666666666666,7.916666666666667,0.043333333333333335,5.09400200843811
81,0.1,1,1.0,7.833333333333333,0.0,9.926995754241943
82,0.1,2,1.0,7.833333333333333,0.0,6.3940019607543945
83,0.1,4,1.0,7.833333333333333,0.0,6.143998622894287
84,0.1,100,1.0,7.833333333333333,0.0033333333333333335,4.798999071121216
85,0.1,5,1.0,7.833333333333333,0.0,5.440999984741211
86,0.1,10,1.0,7.833333333333333,0.0,5.3520026206970215
87,0.1,50,1.0,7.833333333333333,0.0016666666666666668,6.1035239696502686
88,0.1,20,1.0,7.833333333333333,0.0016666666666666668,4.894160747528076
89,0.1,25,1.0,7.833333333333333,0.0,5.324999809265137
90,0.7125,1,1.0,7.833333333333333,0.0,10.117000579833984
91,0.7125,2,1.0,7.833333333333333,0.0,6.50803017616272
92,0.7125,4,1.0,7.833333333333333,0.0,5.61099910736084
93,0.7125,100,1.0,7.833333333333333,0.0016666666666666668,4.857998847961426
94,0.7125,5,1.0,7.833333333333333,0.0,5.485002517700195
95,0.7125,10,1.0,7.833333333333333,0.0,5.310999631881714
96,0.7125,50,1.0,7.833333333333333,0.0016666666666666668,6.136999607086182
97,0.7125,20,1.0,7.833333333333333,0.0,4.9519994258880615
98,0.7125,25,1.0,7.833333333333333,0.0,5.10000205039978
99,1.3250000000000002,1,1.0,7.833333333333333,0.0,9.904999732971191
100,1.3250000000000002,2,1.0,7.833333333333333,0.0,6.521137475967407
101,1.3250000000000002,4,1.0,7.833333333333333,0.0,5.661000967025757
102,1.3250000000000002,100,1.0,7.833333333333333,0.0016666666666666668,4.80100154876709
103,1.3250000000000002,5,1.0,7.833333333333333,0.0,5.317997932434082
104,1.3250000000000002,10,1.0,7.833333333333333,0.0,5.372002363204956
105,1.3250000000000002,50,1.0,7.833333333333333,0.0016666666666666668,6.0429980754852295
106,1.3250000000000002,20,1.0,7.833333333333333,0.0016666666666666668,4.872997999191284
107,1.3250000000000002,25,1.0,7.833333333333333,0.0,5.033002138137817
108,1.9375000000000002,1,1.0,7.833333333333333,0.0,9.914997100830078
109,1.9375000000000002,2,1.0,7.833333333333333,0.0,6.38249659538269
110,1.9375000000000002,4,1.0,7.833333333333333,0.0,5.7359983921051025
111,1.9375000000000002,100,1.0,7.833333333333333,0.0016666666666666668,4.801997900009155
112,1.9375000000000002,5,1.0,7.833333333333333,0.0,5.339001655578613
113,1.9375000000000002,10,1.0,7.833333333333333,0.0,5.31499981880188
114,1.9375000000000002,50,1.0,7.833333333333333,0.0016666666666666668,6.211085796356201
115,1.9375000000000002,20,1.0,7.833333333333333,0.0016666666666666668,4.919528961181641
116,1.9375000000000002,25,1.0,7.833333333333333,0.0,5.057996988296509
117,2.5500000000000003,1,1.0,7.833333333333333,0.0,10.31153655052185
118,2.5500000000000003,2,1.0,7.833333333333333,0.0,6.258965015411377
119,2.5500000000000003,4,1.0,7.833333333333333,0.0,5.6279942989349365
120,2.5500000000000003,100,0.9166666666666666,7.833333333333333,0.08333333333333333,4.914004564285278
121,2.5500000000000003,5,1.0,7.833333333333333,0.0,5.278494834899902
122,2.5500000000000003,10,1.0,7.833333333333333,0.0,5.304002046585083
123,2.5500000000000003,50,1.0,7.833333333333333,0.045000000000000005,6.166117191314697
124,2.5500000000000003,20,1.0,7.833333333333333,0.0,5.059995889663696
125,2.5500000000000003,25,1.0,7.833333333333333,0.0,5.076004505157471
126,3.1625,1,1.0,7.833333333333333,0.0,9.966994762420654
127,3.1625,2,1.0,7.833333333333333,0.0,6.403468370437622
128,3.1625,4,1.0,7.833333333333333,0.0,5.595000982284546
129,3.1625,100,1.0,7.833333333333333,0.09833333333333333,4.94500207901001
130,3.1625,5,1.0,7.833333333333333,0.0,5.318273305892944
131,3.1625,10,1.0,7.833333333333333,0.0,5.362999677658081
132,3.1625,50,1.0,7.833333333333333,0.05666666666666667,6.055000305175781
133,3.1625,20,1.0,7.833333333333333,0.008333333333333333,4.803999900817871
134,3.1625,25,1.0,7.833333333333333,0.005,5.013000011444092
135,3.7750000000000004,1,1.0,7.833333333333333,0.0,9.931000232696533
136,3.7750000000000004,2,1.0,7.833333333333333,0.0016666666666666668,6.306999683380127
137,3.7750000000000004,4,1.0,7.833333333333333,0.0,5.612999677658081
138,3.7750000000000004,100,1.0,7.833333333333333,0.105,4.917000770568848
139,3.7750000000000004,5,1.0,7.833333333333333,0.0016666666666666668,5.292999505996704
140,3.7750000000000004,10,0.9166666666666666,7.833333333333333,0.0033333333333333335,5.269000291824341
141,3.7750000000000004,50,0.9166666666666666,7.833333333333333,0.08333333333333333,6.0400002002716064
142,3.7750000000000004,20,1.0,7.833333333333333,0.015,4.818001985549927
143,3.7750000000000004,25,1.0,7.833333333333333,0.008333333333333333,5.005000591278076
144,4.3875,1,1.0,7.833333333333333,0.0,9.794999361038208
145,4.3875,2,1.0,7.833333333333333,0.0016666666666666668,6.274878263473511
146,4.3875,4,1.0,7.833333333333333,0.0016666666666666668,5.830001354217529
147,4.3875,100,1.0,7.833333333333333,0.12666666666666668,5.199002742767334
148,4.3875,5,1.0,7.833333333333333,0.005,5.80399751663208
149,4.3875,10,1.0,7.833333333333333,0.0033333333333333335,5.416024923324585
150,4.3875,50,0.75,7.833333333333333,0.07166666666666666,6.300999164581299
151,4.3875,20,1.0,7.833333333333333,0.016666666666666666,5.0040202140808105
152,4.3875,25,1.0,7.833333333333333,0.023333333333333334,5.203016519546509
153,5.0,1,1.0,7.833333333333333,0.0,10.032001256942749
154,5.0,2,1.0,7.833333333333333,0.0016666666666666668,6.236020088195801
155,5.0,4,1.0,7.833333333333333,0.0016666666666666668,5.481000661849976
156,5.0,100,1.0,7.833333333333333,0.12833333333333333,4.923999786376953
157,5.0,5,1.0,7.833333333333333,0.01,5.318023204803467
158,5.0,10,1.0,7.833333333333333,0.008333333333333333,5.341000080108643
159,5.0,50,1.0,7.833333333333333,0.07333333333333335,6.07512354850769
160,5.0,20,1.0,7.833333333333333,0.028333333333333335,4.820999622344971
161,5.0,25,0.9166666666666666,7.833333333333333,0.028333333333333335,5.036999940872192
162,0.1,1,0.75,7.916666666666667,0.045000000000000005,9.902966499328613
163,0.1,2,0.75,7.833333333333333,0.055,6.376999378204346
164,0.1,4,0.8333333333333334,7.833333333333333,0.041666666666666664,5.5709991455078125
165,0.1,100,0.8333333333333334,7.833333333333333,0.021666666666666667,4.166001558303833
166,0.1,5,0.8333333333333334,7.833333333333333,0.05666666666666667,5.207000494003296
167,0.1,10,0.8333333333333334,7.916666666666667,0.06666666666666667,5.095999240875244
168,0.1,50,0.75,7.833333333333333,0.03666666666666667,5.794000864028931
169,0.1,20,0.75,7.833333333333333,0.06999999999999999,4.768999099731445
170,0.1,25,0.8333333333333334,7.833333333333333,0.036666666666666674,4.886001110076904
171,0.7125,1,0.75,7.916666666666667,0.045000000000000005,9.819000959396362
172,0.7125,2,0.8333333333333334,7.833333333333333,0.02333333333333333,6.288999080657959
173,0.7125,4,0.8333333333333334,7.833333333333333,0.028333333333333332,5.644000768661499
174,0.7125,100,0.8333333333333334,7.833333333333333,0.028333333333333335,4.197998046875
175,0.7125,5,0.8333333333333334,7.833333333333333,0.041666666666666664,5.233000040054321
176,0.7125,10,0.8333333333333334,7.833333333333333,0.07,5.269002199172974
177,0.7125,50,0.75,7.833333333333333,0.04833333333333334,5.937174320220947
178,0.7125,20,0.75,7.833333333333333,0.08,4.680001735687256
179,0.7125,25,0.8333333333333334,7.833333333333333,0.03833333333333333,4.8563408851623535
180,1.3250000000000002,1,0.75,7.916666666666667,0.045000000000000005,9.857218742370605
181,1.3250000000000002,2,0.8333333333333334,7.833333333333333,0.021666666666666667,6.3616602420806885
182,1.3250000000000002,4,0.8333333333333334,7.833333333333333,0.023333333333333334,5.530998229980469
183,1.3250000000000002,100,0.8333333333333334,7.833333333333333,0.03333333333333333,4.1739983558654785
184,1.3250000000000002,5,0.8333333333333334,7.833333333333333,0.04,5.2017905712127686
185,1.3250000000000002,10,0.8333333333333334,7.833333333333333,0.07166666666666667,5.168960332870483
186,1.3250000000000002,50,0.75,7.833333333333333,0.05333333333333334,5.874249458312988
187,1.3250000000000002,20,0.75,7.833333333333333,0.08833333333333332,4.66600227355957
188,1.3250000000000002,25,0.8333333333333334,7.833333333333333,0.034999999999999996,4.971027374267578
189,1.9375000000000002,1,0.75,7.916666666666667,0.045000000000000005,10.27499794960022
190,1.9375000000000002,2,0.8333333333333334,7.833333333333333,0.025000000000000005,6.242979288101196
191,1.9375000000000002,4,0.8333333333333334,7.833333333333333,0.018333333333333333,5.513997554779053
192,1.9375000000000002,100,0.8333333333333334,7.833333333333333,0.04,4.151998281478882
193,1.9375000000000002,5,0.8333333333333334,7.833333333333333,0.043333333333333335,5.3050007820129395
194,1.9375000000000002,10,0.8333333333333334,7.833333333333333,0.06333333333333334,5.149004697799683
195,1.9375000000000002,50,0.75,7.833333333333333,0.05333333333333334,5.823000431060791
196,1.9375000000000002,20,0.75,7.833333333333333,0.08,4.687999725341797
197,1.9375000000000002,25,0.8333333333333334,7.833333333333333,0.041666666666666664,4.794000148773193
198,2.5500000000000003,1,0.75,7.916666666666667,0.045000000000000005,9.869208097457886
199,2.5500000000000003,2,0.8333333333333334,7.833333333333333,0.03,6.209024906158447
200,2.5500000000000003,4,0.8333333333333334,7.833333333333333,0.024999999999999998,5.45300030708313
201,2.5500000000000003,100,0.9166666666666666,7.833333333333333,0.14,4.320996046066284
202,2.5500000000000003,5,0.75,7.833333333333333,0.07833333333333332,5.246001482009888
203,2.5500000000000003,10,0.8333333333333334,7.833333333333333,0.06,5.149000883102417
204,2.5500000000000003,50,0.75,7.833333333333333,0.07666666666666667,5.976999282836914
205,2.5500000000000003,20,0.75,7.916666666666667,0.08666666666666667,4.714001655578613
206,2.5500000000000003,25,0.8333333333333334,7.833333333333333,0.06833333333333334,4.852999687194824
207,3.1625,1,0.75,7.916666666666667,0.045000000000000005,9.77851915359497
208,3.1625,2,0.8333333333333334,7.833333333333333,0.028333333333333335,6.193881511688232
209,3.1625,4,0.8333333333333334,7.833333333333333,0.04,5.446999788284302
210,3.1625,100,0.8333333333333334,7.833333333333333,0.1366666666666667,4.8100011348724365
211,3.1625,5,0.8333333333333334,7.833333333333333,0.043333333333333335,5.109484672546387
212,3.1625,10,0.8333333333333334,7.833333333333333,0.06833333333333333,5.254541397094727
213,3.1625,50,0.8333333333333334,7.833333333333333,0.10166666666666668,6.084001064300537
214,3.1625,20,0.75,7.833333333333333,0.08333333333333333,4.728999137878418
215,3.1625,25,0.8333333333333334,7.833333333333333,0.06333333333333334,4.91700005531311
216,3.7750000000000004,1,0.75,7.916666666666667,0.045000000000000005,9.808052778244019
217,3.7750000000000004,2,0.75,7.833333333333333,0.03,6.223001480102539
218,3.7750000000000004,4,0.8333333333333334,7.833333333333333,0.03333333333333333,5.461999416351318
219,3.7750000000000004,100,0.8333333333333334,7.75,0.2016666666666667,4.83499550819397
220,3.7750000000000004,5,0.8333333333333334,7.833333333333333,0.04666666666666667,5.2450244426727295
221,3.7750000000000004,10,0.8333333333333334,7.833333333333333,0.06333333333333334,5.207001209259033
222,3.7750000000000004,50,0.5833333333333334,7.833333333333333,0.10000000000000002,6.03299880027771
223,3.7750000000000004,20,0.75,7.833333333333333,0.08666666666666667,4.781001329421997
224,3.7750000000000004,25,0.75,7.833333333333333,0.065,4.941999912261963
225,4.3875,1,0.75,7.916666666666667,0.045000000000000005,9.777000427246094
226,4.3875,2,0.75,7.833333333333333,0.03166666666666667,6.216002941131592
227,4.3875,4,0.8333333333333334,7.833333333333333,0.04666666666666667,5.583996534347534
228,4.3875,100,0.8333333333333334,7.75,0.18666666666666668,4.878002643585205
229,4.3875,5,0.8333333333333334,7.833333333333333,0.04666666666666667,5.184998273849487
230,4.3875,10,0.8333333333333334,7.833333333333333,0.06500000000000002,5.207001447677612
231,4.3875,50,0.5833333333333334,7.833333333333333,0.14,6.014997959136963
232,4.3875,20,0.8333333333333334,7.833333333333333,0.09000000000000001,4.705003023147583
233,4.3875,25,0.8333333333333334,7.833333333333333,0.05833333333333334,4.935998916625977
234,5.0,1,0.75,7.916666666666667,0.045000000000000005,9.730439186096191
235,5.0,2,0.75,7.833333333333333,0.03333333333333334,6.302003622055054
236,5.0,4,0.8333333333333334,7.833333333333333,0.043333333333333335,5.512996435165405
237,5.0,100,0.75,7.833333333333333,0.18833333333333332,4.8620030879974365
238,5.0,5,0.8333333333333334,7.833333333333333,0.028333333333333332,5.184002161026001
239,5.0,10,0.8333333333333334,7.833333333333333,0.06166666666666667,5.1849963665008545
240,5.0,50,0.75,7.833333333333333,0.135,6.101001977920532
241,5.0,20,0.8333333333333334,7.833333333333333,0.09500000000000001,4.783997297286987
242,5.0,25,0.8333333333333334,7.833333333333333,0.07666666666666667,4.964000701904297
243,0.1,1,1.0,7.833333333333333,0.005,9.894033670425415
244,0.1,2,1.0,7.833333333333333,0.0033333333333333335,6.296996355056763
245,0.1,4,1.0,7.833333333333333,0.0033333333333333335,5.597001314163208
246,0.1,100,0.9166666666666666,7.833333333333333,0.02666666666666666,4.5360026359558105
247,0.1,5,1.0,7.833333333333333,0.0016666666666666668,5.268997669219971
248,0.1,10,1.0,7.833333333333333,0.0033333333333333335,5.26200008392334
249,0.1,50,0.9166666666666666,7.833333333333333,0.023333333333333334,5.956000089645386
250,0.1,20,1.0,7.833333333333333,0.0033333333333333335,5.014997959136963
251,0.1,25,1.0,7.833333333333333,0.005,4.920001268386841
252,0.7125,1,1.0,7.833333333333333,0.005,9.857000827789307
253,0.7125,2,1.0,7.833333333333333,0.0016666666666666668,6.283202648162842
254,0.7125,4,1.0,7.833333333333333,0.0033333333333333335,5.5550220012664795
255,0.7125,100,1.0,7.833333333333333,0.01,4.481000185012817
256,0.7125,5,1.0,7.833333333333333,0.0033333333333333335,5.269568681716919
257,0.7125,10,1.0,7.833333333333333,0.0016666666666666668,5.254997253417969
258,0.7125,50,1.0,7.833333333333333,0.005,5.8919997215271
259,0.7125,20,1.0,7.833333333333333,0.0033333333333333335,4.81732177734375
260,0.7125,25,1.0,7.833333333333333,0.0033333333333333335,5.001999616622925
261,1.3250000000000002,1,1.0,7.833333333333333,0.005,9.906998872756958
262,1.3250000000000002,2,1.0,7.833333333333333,0.0033333333333333335,6.363809108734131
263,1.3250000000000002,4,1.0,7.833333333333333,0.0016666666666666668,5.593286991119385
264,1.3250000000000002,100,1.0,7.833333333333333,0.008333333333333333,4.569001197814941
265,1.3250000000000002,5,1.0,7.833333333333333,0.0033333333333333335,5.267001628875732
266,1.3250000000000002,10,1.0,7.833333333333333,0.0033333333333333335,5.229997396469116
267,1.3250000000000002,50,1.0,7.833333333333333,0.008333333333333333,5.893999814987183
268,1.3250000000000002,20,1.0,7.833333333333333,0.0033333333333333335,4.780003547668457
269,1.3250000000000002,25,1.0,7.833333333333333,0.0033333333333333335,4.910051345825195
270,1.9375000000000002,1,1.0,7.833333333333333,0.005,9.861997127532959
271,1.9375000000000002,2,1.0,7.833333333333333,0.0033333333333333335,6.4150071144104
272,1.9375000000000002,4,1.0,7.833333333333333,0.0033333333333333335,5.527997732162476
273,1.9375000000000002,100,0.9166666666666666,7.833333333333333,0.008333333333333333,4.619999408721924
274,1.9375000000000002,5,1.0,7.833333333333333,0.0033333333333333335,5.2599992752075195
275,1.9375000000000002,10,1.0,7.833333333333333,0.0033333333333333335,5.273002624511719
276,1.9375000000000002,50,0.9166666666666666,7.833333333333333,0.01333333333333333,5.958998918533325
277,1.9375000000000002,20,1.0,7.833333333333333,0.005,4.786001205444336
278,1.9375000000000002,25,1.0,7.833333333333333,0.005,4.933001279830933
279,2.5500000000000003,1,1.0,7.833333333333333,0.005,9.799996852874756
280,2.5500000000000003,2,1.0,7.833333333333333,0.005,6.279514789581299
281,2.5500000000000003,4,1.0,7.833333333333333,0.0016666666666666668,5.604817628860474
282,2.5500000000000003,100,0.9166666666666666,7.833333333333333,0.07666666666666667,4.644245386123657
283,2.5500000000000003,5,1.0,7.833333333333333,0.008333333333333333,5.283876180648804
284,2.5500000000000003,10,1.0,7.833333333333333,0.005,5.2967987060546875
285,2.5500000000000003,50,0.8333333333333334,7.833333333333333,0.055,6.073014259338379
286,2.5500000000000003,20,0.9166666666666666,7.833333333333333,0.011666666666666667,4.804298162460327
287,2.5500000000000003,25,1.0,7.833333333333333,0.011666666666666665,5.005999326705933
288,3.1625,1,1.0,7.833333333333333,0.005,9.8149995803833
289,3.1625,2,1.0,7.833333333333333,0.006666666666666667,6.307955503463745
290,3.1625,4,1.0,7.833333333333333,0.008333333333333333,5.650001764297485
291,3.1625,100,0.8333333333333334,7.833333333333333,0.09833333333333334,4.906999349594116
292,3.1625,5,1.0,7.833333333333333,0.005,5.263002634048462
293,3.1625,10,1.0,7.833333333333333,0.008333333333333333,5.309004068374634
294,3.1625,50,0.9166666666666666,7.833333333333333,0.08333333333333333,6.073995351791382
295,3.1625,20,0.9166666666666666,7.833333333333333,0.016666666666666666,4.823004722595215
296,3.1625,25,1.0,7.833333333333333,0.016666666666666666,5.016995906829834
297,3.7750000000000004,1,1.0,7.833333333333333,0.005,9.8989999294281
298,3.7750000000000004,2,1.0,7.833333333333333,0.006666666666666667,6.356000185012817
299,3.7750000000000004,4,1.0,7.833333333333333,0.011666666666666667,5.612999439239502
300,3.7750000000000004,100,0.8333333333333334,7.833333333333333,0.13166666666666668,4.89700174331665
301,3.7750000000000004,5,1.0,7.833333333333333,0.0033333333333333335,5.317000389099121
302,3.7750000000000004,10,1.0,7.833333333333333,0.018333333333333333,5.301998853683472
303,3.7750000000000004,50,0.8333333333333334,7.833333333333333,0.105,6.050001621246338
304,3.7750000000000004,20,0.9166666666666666,7.833333333333333,0.026666666666666672,4.868999004364014
305,3.7750000000000004,25,1.0,7.833333333333333,0.03333333333333333,5.050001621246338
306,4.3875,1,1.0,7.833333333333333,0.005,9.805001497268677
307,4.3875,2,1.0,7.833333333333333,0.006666666666666667,6.295997858047485
308,4.3875,4,1.0,7.833333333333333,0.016666666666666666,5.663931131362915
309,4.3875,100,0.8333333333333334,7.833333333333333,0.12833333333333333,4.91100287437439
310,4.3875,5,1.0,7.833333333333333,0.01,5.284201622009277
311,4.3875,10,1.0,7.833333333333333,0.015,5.380561351776123
312,4.3875,50,0.6666666666666666,7.833333333333333,0.10000000000000002,6.04800271987915
313,4.3875,20,0.9166666666666666,7.833333333333333,0.03833333333333333,5.052649021148682
314,4.3875,25,0.9166666666666666,7.833333333333333,0.03333333333333333,5.056001424789429
315,5.0,1,1.0,7.833333333333333,0.005,9.828999042510986
316,5.0,2,1.0,7.833333333333333,0.008333333333333333,6.281926155090332
317,5.0,4,1.0,7.833333333333333,0.02,5.56814169883728
318,5.0,100,0.8333333333333334,7.833333333333333,0.12166666666666666,4.851999998092651
319,5.0,5,1.0,7.833333333333333,0.008333333333333333,5.220000267028809
320,5.0,10,1.0,7.833333333333333,0.013333333333333334,5.377000093460083
321,5.0,50,0.9166666666666666,7.833333333333333,0.14833333333333334,5.938002347946167
322,5.0,20,0.9166666666666666,7.833333333333333,0.04000000000000001,4.793999195098877
323,5.0,25,0.9166666666666666,7.833333333333333,0.03333333333333333,5.006998777389526
324,0.1,1,1.0,6.833333333333333,0.018333333333333333,9.793998956680298
325,0.1,2,1.0,6.833333333333333,0.02,6.300000429153442
326,0.1,4,1.0,6.833333333333333,0.016666666666666666,5.590006113052368
327,0.1,100,1.0,6.833333333333333,0.016666666666666666,4.477993726730347
328,0.1,5,1.0,6.833333333333333,0.021666666666666667,5.293000936508179
329,0.1,10,1.0,6.833333333333333,0.024999999999999998,5.143999099731445
330,0.1,50,1.0,6.833333333333333,0.024999999999999998,6.006000280380249
331,0.1,20,1.0,6.833333333333333,0.028333333333333335,4.7400007247924805
332,0.1,25,1.0,6.833333333333333,0.021666666666666667,4.8690025806427
333,0.7125,1,1.0,6.833333333333333,0.018333333333333333,9.810999631881714
334,0.7125,2,1.0,6.833333333333333,0.013333333333333334,6.25199818611145
335,0.7125,4,1.0,6.833333333333333,0.018333333333333333,5.605789422988892
336,0.7125,100,1.0,6.833333333333333,0.015,4.524003028869629
337,0.7125,5,1.0,6.833333333333333,0.021666666666666667,5.244998216629028
338,0.7125,10,1.0,6.833333333333333,0.023333333333333334,5.21999979019165
339,0.7125,50,1.0,6.833333333333333,0.02666666666666667,6.078999042510986
340,0.7125,20,1.0,6.833333333333333,0.023333333333333334,4.759998083114624
341,0.7125,25,1.0,6.833333333333333,0.021666666666666667,4.906088590621948
342,1.3250000000000002,1,1.0,6.833333333333333,0.018333333333333333,9.762506008148193
343,1.3250000000000002,2,1.0,6.833333333333333,0.013333333333333334,6.296025276184082
344,1.3250000000000002,4,1.0,6.833333333333333,0.018333333333333333,5.655000448226929
345,1.3250000000000002,100,1.0,6.833333333333333,0.015,4.515998840332031
346,1.3250000000000002,5,1.0,6.833333333333333,0.021666666666666667,5.246000289916992
347,1.3250000000000002,10,1.0,6.833333333333333,0.024999999999999998,5.29400110244751
348,1.3250000000000002,50,1.0,6.833333333333333,0.02666666666666667,6.086002349853516
349,1.3250000000000002,20,1.0,6.833333333333333,0.023333333333333334,4.790998935699463
350,1.3250000000000002,25,1.0,6.833333333333333,0.02,4.951998949050903
351,1.9375000000000002,1,1.0,6.833333333333333,0.018333333333333333,9.891998767852783
352,1.9375000000000002,2,1.0,6.833333333333333,0.013333333333333334,6.333645582199097
353,1.9375000000000002,4,1.0,6.833333333333333,0.016666666666666666,5.581999063491821
354,1.9375000000000002,100,1.0,6.833333333333333,0.011666666666666667,4.5020012855529785
355,1.9375000000000002,5,1.0,6.833333333333333,0.02,5.279521465301514
356,1.9375000000000002,10,1.0,6.833333333333333,0.023333333333333334,5.274001598358154
357,1.9375000000000002,50,1.0,6.833333333333333,0.028333333333333335,6.104002952575684
358,1.9375000000000002,20,1.0,6.833333333333333,0.021666666666666667,4.8229992389678955
359,1.9375000000000002,25,1.0,6.833333333333333,0.018333333333333333,4.924000263214111
360,2.5500000000000003,1,1.0,6.833333333333333,0.018333333333333333,9.8469979763031
361,2.5500000000000003,2,1.0,6.833333333333333,0.015,6.325910806655884
362,2.5500000000000003,4,1.0,6.833333333333333,0.013333333333333334,5.9159996509552
363,2.5500000000000003,100,1.0,6.833333333333333,0.07833333333333334,4.6859986782073975
364,2.5500000000000003,5,1.0,6.833333333333333,0.008333333333333333,5.339001417160034
365,2.5500000000000003,10,1.0,6.833333333333333,0.02666666666666667,5.344001054763794
366,2.5500000000000003,50,1.0,6.833333333333333,0.045000000000000005,6.119001150131226
367,2.5500000000000003,20,0.9166666666666666,6.833333333333333,0.03166666666666667,4.842999458312988
368,2.5500000000000003,25,1.0,6.833333333333333,0.02666666666666667,4.988000869750977
369,3.1625,1,1.0,6.833333333333333,0.018333333333333333,9.792996406555176
370,3.1625,2,1.0,6.833333333333333,0.018333333333333333,6.281603574752808
371,3.1625,4,1.0,6.833333333333333,0.015,5.702998161315918
372,3.1625,100,1.0,6.833333333333333,0.12166666666666666,4.811999797821045
373,3.1625,5,0.9166666666666666,6.833333333333333,0.013333333333333334,5.162999868392944
374,3.1625,10,1.0,6.833333333333333,0.028333333333333335,5.274000406265259
375,3.1625,50,0.9166666666666666,6.833333333333333,0.06833333333333334,6.058000564575195
376,3.1625,20,1.0,6.833333333333333,0.021666666666666667,4.829967021942139
377,3.1625,25,1.0,6.833333333333333,0.018333333333333333,4.991997957229614
378,3.7750000000000004,1,1.0,6.833333333333333,0.018333333333333333,9.873000860214233
379,3.7750000000000004,2,1.0,6.833333333333333,0.02666666666666667,6.250999927520752
380,3.7750000000000004,4,1.0,6.833333333333333,0.013333333333333334,5.59618878364563
381,3.7750000000000004,100,0.8333333333333334,6.833333333333333,0.16500000000000004,4.950996398925781
382,3.7750000000000004,5,1.0,6.833333333333333,0.015,5.315999984741211
383,3.7750000000000004,10,1.0,6.833333333333333,0.024999999999999998,5.296001195907593
384,3.7750000000000004,50,0.9166666666666666,6.833333333333333,0.07166666666666667,6.111999034881592
385,3.7750000000000004,20,1.0,6.833333333333333,0.024999999999999998,4.846002578735352
386,3.7750000000000004,25,1.0,6.833333333333333,0.021666666666666667,4.996112585067749
387,4.3875,1,1.0,6.833333333333333,0.018333333333333333,9.846994876861572
388,4.3875,2,1.0,6.833333333333333,0.023333333333333334,6.312001466751099
389,4.3875,4,1.0,6.833333333333333,0.01,5.537001132965088
390,4.3875,100,1.0,6.833333333333333,0.12333333333333336,4.860004425048828
391,4.3875,5,1.0,6.833333333333333,0.013333333333333334,5.288998603820801
392,4.3875,10,1.0,6.833333333333333,0.03166666666666667,5.257000684738159
393,4.3875,50,0.8333333333333334,6.833333333333333,0.09333333333333334,6.090997695922852
394,4.3875,20,1.0,6.833333333333333,0.028333333333333335,4.8409998416900635
395,4.3875,25,1.0,6.833333333333333,0.03666666666666667,5.0196213722229
396,5.0,1,1.0,6.833333333333333,0.018333333333333333,9.798495054244995
397,5.0,2,1.0,6.833333333333333,0.030000000000000002,6.281492233276367
398,5.0,4,1.0,6.833333333333333,0.01,5.638102054595947
399,5.0,100,0.5833333333333334,6.833333333333333,0.18166666666666667,4.826000452041626
400,5.0,5,0.9166666666666666,6.833333333333333,0.018333333333333333,5.208004474639893
401,5.0,10,1.0,6.833333333333333,0.028333333333333332,5.281022310256958
402,5.0,50,0.8333333333333334,6.833333333333333,0.09333333333333334,6.0630011558532715
403,5.0,20,1.0,6.833333333333333,0.043333333333333335,4.8209991455078125
404,5.0,25,1.0,6.833333333333333,0.060000000000000005,4.986999750137329
405,0.1,1,0.8333333333333334,8.0,0.03833333333333334,9.869999408721924
406,0.1,2,0.8333333333333334,8.0,0.043333333333333335,6.2779998779296875
407,0.1,4,0.9166666666666666,7.666666666666667,0.04833333333333334,5.465000152587891
408,0.1,100,0.8333333333333334,8.333333333333334,0.09166666666666667,3.437000274658203
409,0.1,5,0.9166666666666666,7.666666666666667,0.023333333333333334,5.121541976928711
410,0.1,10,0.9166666666666666,7.666666666666667,0.016666666666666666,5.017997741699219
411,0.1,50,0.75,8.0,0.09000000000000001,5.4040000438690186
412,0.1,20,0.9166666666666666,7.666666666666667,0.028333333333333335,4.592998504638672
413,0.1,25,0.9166666666666666,7.666666666666667,0.07166666666666667,4.744001150131226
414,0.7125,1,0.8333333333333334,8.0,0.03833333333333334,9.750999689102173
415,0.7125,2,0.9166666666666666,8.0,0.04666666666666667,6.165003538131714
416,0.7125,4,0.9166666666666666,7.666666666666667,0.051666666666666666,5.3449976444244385
417,0.7125,100,0.8333333333333334,8.333333333333334,0.09000000000000001,3.4390156269073486
418,0.7125,5,0.9166666666666666,7.666666666666667,0.03,5.062832593917847
419,0.7125,10,0.9166666666666666,7.666666666666667,0.016666666666666666,4.992002248764038
420,0.7125,50,0.6666666666666666,8.0,0.11333333333333334,5.316998481750488
421,0.7125,20,0.9166666666666666,7.666666666666667,0.025000000000000005,4.56578803062439
422,0.7125,25,0.75,7.666666666666667,0.065,4.6959991455078125
423,1.3250000000000002,1,0.8333333333333334,8.0,0.03833333333333334,9.81299877166748
424,1.3250000000000002,2,0.9166666666666666,7.666666666666667,0.03333333333333333,6.28800368309021
425,1.3250000000000002,4,0.9166666666666666,7.666666666666667,0.041666666666666664,5.499997138977051
426,1.3250000000000002,100,0.75,8.333333333333334,0.08833333333333333,3.451000690460205
427,1.3250000000000002,5,0.9166666666666666,7.666666666666667,0.03166666666666667,4.9539995193481445
428,1.3250000000000002,10,0.9166666666666666,7.666666666666667,0.02,4.95943808555603
429,1.3250000000000002,50,0.6666666666666666,7.666666666666667,0.105,5.458893060684204
430,1.3250000000000002,20,0.9166666666666666,7.666666666666667,0.03,4.5700013637542725
431,1.3250000000000002,25,0.9166666666666666,7.666666666666667,0.05833333333333333,4.677999973297119
432,1.9375000000000002,1,0.8333333333333334,8.0,0.03833333333333334,9.75399923324585
433,1.9375000000000002,2,0.9166666666666666,7.666666666666667,0.03166666666666667,6.240999937057495
434,1.9375000000000002,4,0.9166666666666666,7.666666666666667,0.030000000000000002,5.478498458862305
435,1.9375000000000002,100,0.6666666666666666,8.0,0.085,3.5010039806365967
436,1.9375000000000002,5,0.9166666666666666,7.666666666666667,0.03,5.1239964962005615
437,1.9375000000000002,10,0.9166666666666666,7.666666666666667,0.006666666666666667,4.990999937057495
438,1.9375000000000002,50,0.75,7.666666666666667,0.07166666666666667,5.590001106262207
439,1.9375000000000002,20,0.9166666666666666,7.666666666666667,0.021666666666666667,4.5699992179870605
440,1.9375000000000002,25,0.9166666666666666,7.666666666666667,0.05333333333333334,4.721001148223877
441,2.5500000000000003,1,0.8333333333333334,8.0,0.03833333333333334,9.857999086380005
442,2.5500000000000003,2,0.9166666666666666,7.666666666666667,0.03,6.179112195968628
443,2.5500000000000003,4,0.9166666666666666,7.666666666666667,0.03166666666666667,5.47116231918335
444,2.5500000000000003,100,0.9166666666666666,7.666666666666667,0.1416666666666667,3.987095594406128
445,2.5500000000000003,5,0.9166666666666666,7.666666666666667,0.028333333333333335,5.165465354919434
446,2.5500000000000003,10,0.9166666666666666,7.666666666666667,0.023333333333333334,5.113002061843872
447,2.5500000000000003,50,0.75,7.666666666666667,0.09833333333333333,5.959000825881958
448,2.5500000000000003,20,0.9166666666666666,7.666666666666667,0.028333333333333332,4.627999782562256
449,2.5500000000000003,25,0.9166666666666666,7.666666666666667,0.06166666666666667,4.8359997272491455
450,3.1625,1,0.8333333333333334,8.0,0.03833333333333334,9.822996616363525
451,3.1625,2,0.9166666666666666,7.666666666666667,0.028333333333333332,6.1700005531311035
452,3.1625,4,0.9166666666666666,7.666666666666667,0.024999999999999998,5.410889625549316
453,3.1625,100,0.6666666666666666,8.333333333333334,0.12166666666666666,4.723999500274658
454,3.1625,5,0.8333333333333334,7.666666666666667,0.045000000000000005,5.087003469467163
455,3.1625,10,0.75,7.666666666666667,0.024999999999999998,5.1480019092559814
456,3.1625,50,0.6666666666666666,8.0,0.12,6.166999816894531
457,3.1625,20,0.9166666666666666,7.666666666666667,0.03333333333333333,4.633998394012451
458,3.1625,25,0.9166666666666666,7.666666666666667,0.06666666666666667,4.850003242492676
459,3.7750000000000004,1,0.8333333333333334,8.0,0.03833333333333334,9.735929012298584
460,3.7750000000000004,2,0.9166666666666666,7.666666666666667,0.03333333333333333,6.187999725341797
461,3.7750000000000004,4,0.9166666666666666,7.666666666666667,0.02,5.5219995975494385
462,3.7750000000000004,100,0.8333333333333334,8.0,0.225,4.893005132675171
463,3.7750000000000004,5,0.9166666666666666,7.666666666666667,0.04666666666666667,5.194000244140625
464,3.7750000000000004,10,0.8333333333333334,7.666666666666667,0.024999999999999998,5.126999855041504
465,3.7750000000000004,50,0.6666666666666666,8.0,0.13833333333333334,6.060999870300293
466,3.7750000000000004,20,0.6666666666666666,7.666666666666667,0.04666666666666667,4.68899941444397
467,3.7750000000000004,25,0.8333333333333334,7.666666666666667,0.09333333333333334,4.869997978210449
468,4.3875,1,0.8333333333333334,8.0,0.03833333333333334,9.772998571395874
469,4.3875,2,0.9166666666666666,7.666666666666667,0.03166666666666667,6.234767198562622
470,4.3875,4,0.9166666666666666,7.666666666666667,0.03,5.536995887756348
471,4.3875,100,0.8333333333333334,8.333333333333334,0.20000000000000004,4.850003957748413
472,4.3875,5,0.9166666666666666,7.666666666666667,0.05000000000000001,5.187997817993164
473,4.3875,10,0.9166666666666666,7.666666666666667,0.028333333333333332,5.205004692077637
474,4.3875,50,0.6666666666666666,8.333333333333334,0.13999999999999999,6.037999629974365
475,4.3875,20,0.9166666666666666,7.666666666666667,0.060000000000000005,4.73099684715271
476,4.3875,25,0.9166666666666666,7.666666666666667,0.08999999999999998,4.919999361038208
477,5.0,1,0.8333333333333334,8.0,0.03833333333333334,9.719000101089478
478,5.0,2,0.9166666666666666,7.666666666666667,0.028333333333333332,6.1789281368255615
479,5.0,4,0.9166666666666666,7.666666666666667,0.03833333333333333,5.362999677658081
480,5.0,100,0.8333333333333334,8.0,0.21666666666666667,4.8340003490448
481,5.0,5,0.9166666666666666,7.666666666666667,0.065,5.165003538131714
482,5.0,10,0.8333333333333334,7.666666666666667,0.03166666666666667,5.248000621795654
483,5.0,50,0.8333333333333334,8.333333333333334,0.15333333333333335,6.125999689102173
484,5.0,20,0.9166666666666666,7.666666666666667,0.05666666666666667,5.2430055141448975
485,5.0,25,0.9166666666666666,8.0,0.10999999999999999,5.153994083404541
486,0.1,1,0.9166666666666666,7.833333333333333,0.041666666666666664,10.096999883651733
487,0.1,2,0.9166666666666666,7.75,0.03666666666666667,6.577661037445068
488,0.1,4,1.0,7.75,0.041666666666666664,5.732020854949951
489,0.1,100,1.0,7.833333333333333,0.03333333333333333,4.778996229171753
490,0.1,5,0.9166666666666666,7.75,0.03166666666666667,5.3530004024505615
491,0.1,10,0.9166666666666666,7.75,0.02333333333333333,5.371999740600586
492,0.1,50,0.9166666666666666,7.75,0.04833333333333333,6.146000862121582
493,0.1,20,0.9166666666666666,7.75,0.03166666666666667,4.908999443054199
494,0.1,25,0.9166666666666666,7.75,0.03833333333333334,5.063999652862549
495,0.7125,1,0.9166666666666666,7.833333333333333,0.041666666666666664,10.253997564315796
496,0.7125,2,0.9166666666666666,7.75,0.041666666666666664,6.3449482917785645
497,0.7125,4,0.9166666666666666,7.75,0.03666666666666667,5.557003021240234
498,0.7125,100,1.0,7.833333333333333,0.043333333333333335,4.529998779296875
499,0.7125,5,0.9166666666666666,7.75,0.03833333333333333,5.44927453994751
500,0.7125,10,0.9166666666666666,7.75,0.03166666666666667,5.561179161071777
501,0.7125,50,0.9166666666666666,7.75,0.05000000000000001,6.140000820159912
502,0.7125,20,0.9166666666666666,7.75,0.03833333333333334,4.837999105453491
503,0.7125,25,0.9166666666666666,7.75,0.045000000000000005,4.980004787445068
504,1.3250000000000002,1,0.9166666666666666,7.833333333333333,0.041666666666666664,9.828995704650879
505,1.3250000000000002,2,0.9166666666666666,7.833333333333333,0.04,6.298003673553467
506,1.3250000000000002,4,0.9166666666666666,7.75,0.03833333333333334,5.552999973297119
507,1.3250000000000002,100,1.0,7.833333333333333,0.03833333333333334,4.485000133514404
508,1.3250000000000002,5,0.9166666666666666,7.75,0.03833333333333333,5.257000207901001
509,1.3250000000000002,10,0.9166666666666666,7.75,0.03333333333333333,5.32429051399231
510,1.3250000000000002,50,0.9166666666666666,7.75,0.05333333333333334,6.145143270492554
511,1.3250000000000002,20,0.9166666666666666,7.75,0.04,4.958000898361206
512,1.3250000000000002,25,1.0,7.833333333333333,0.04833333333333333,5.159021615982056
513,1.9375000000000002,1,0.9166666666666666,7.833333333333333,0.041666666666666664,10.077997207641602
514,1.9375000000000002,2,0.9166666666666666,7.75,0.04,6.372999906539917
515,1.9375000000000002,4,0.9166666666666666,7.75,0.034999999999999996,5.763000965118408
516,1.9375000000000002,100,1.0,7.833333333333333,0.03166666666666667,4.453000068664551
517,1.9375000000000002,5,0.9166666666666666,7.75,0.03833333333333334,5.230999946594238
518,1.9375000000000002,10,0.9166666666666666,7.75,0.036666666666666674,5.274999141693115
519,1.9375000000000002,50,0.9166666666666666,7.75,0.05333333333333334,6.0980002880096436
520,1.9375000000000002,20,0.9166666666666666,7.75,0.04,4.880000352859497
521,1.9375000000000002,25,1.0,7.833333333333333,0.045000000000000005,5.039000034332275
522,2.5500000000000003,1,0.9166666666666666,7.833333333333333,0.041666666666666664,9.794000148773193
523,2.5500000000000003,2,0.9166666666666666,7.75,0.04,6.259000062942505
524,2.5500000000000003,4,0.9166666666666666,7.75,0.04,5.505000114440918
525,2.5500000000000003,100,1.0,7.833333333333333,0.07833333333333335,4.4569995403289795
526,2.5500000000000003,5,1.0,7.833333333333333,0.04,5.18900203704834
527,2.5500000000000003,10,1.0,7.75,0.026666666666666672,5.25300145149231
528,2.5500000000000003,50,1.0,7.75,0.09833333333333334,6.036000967025757
529,2.5500000000000003,20,0.9166666666666666,7.75,0.035,4.828996658325195
530,2.5500000000000003,25,1.0,7.75,0.06166666666666667,5.056999683380127
531,3.1625,1,0.9166666666666666,7.833333333333333,0.041666666666666664,9.6419997215271
532,3.1625,2,0.9166666666666666,7.833333333333333,0.04,6.244999885559082
533,3.1625,4,0.9166666666666666,7.833333333333333,0.041666666666666664,5.510999917984009
534,3.1625,100,0.9166666666666666,7.75,0.105,4.711000919342041
535,3.1625,5,0.9166666666666666,7.833333333333333,0.04,5.229999303817749
536,3.1625,10,1.0,7.75,0.023333333333333334,5.261999845504761
537,3.1625,50,1.0,7.833333333333333,0.10500000000000002,6.063000202178955
538,3.1625,20,1.0,7.75,0.04666666666666667,4.8340003490448
539,3.1625,25,1.0,7.75,0.060000000000000005,5.0849997997283936
540,3.7750000000000004,1,0.9166666666666666,7.833333333333333,0.041666666666666664,9.681999683380127
541,3.7750000000000004,2,0.9166666666666666,7.833333333333333,0.03666666666666667,6.190001010894775
542,3.7750000000000004,4,0.9166666666666666,7.833333333333333,0.04,5.531999111175537
543,3.7750000000000004,100,0.6666666666666666,7.833333333333333,0.12333333333333334,4.7059996128082275
544,3.7750000000000004,5,0.9166666666666666,7.833333333333333,0.036666666666666674,5.192000389099121
545,3.7750000000000004,10,0.9166666666666666,7.75,0.04,5.254000425338745
546,3.7750000000000004,50,0.75,7.833333333333333,0.11166666666666668,6.0809996128082275
547,3.7750000000000004,20,1.0,7.75,0.06666666666666667,4.877000093460083
548,3.7750000000000004,25,1.0,7.833333333333333,0.06333333333333334,5.056999683380127
549,4.3875,1,0.9166666666666666,7.833333333333333,0.041666666666666664,9.666999816894531
550,4.3875,2,0.9166666666666666,7.833333333333333,0.03833333333333334,6.292999982833862
551,4.3875,4,0.9166666666666666,7.833333333333333,0.041666666666666664,5.505026817321777
552,4.3875,100,1.0,7.833333333333333,0.15,4.716999530792236
553,4.3875,5,0.9166666666666666,7.833333333333333,0.041666666666666664,5.174023866653442
554,4.3875,10,1.0,7.75,0.04666666666666667,5.293999671936035
555,4.3875,50,0.75,7.75,0.1366666666666667,6.006001949310303
556,4.3875,20,1.0,7.75,0.06666666666666667,4.839998245239258
557,4.3875,25,0.9166666666666666,7.833333333333333,0.07166666666666667,5.093000173568726
558,5.0,1,0.9166666666666666,7.833333333333333,0.041666666666666664,9.720999717712402
559,5.0,2,0.9166666666666666,7.833333333333333,0.04,6.2779998779296875
560,5.0,4,0.9166666666666666,7.833333333333333,0.03333333333333333,5.56600022315979
561,5.0,100,0.9166666666666666,7.833333333333333,0.12666666666666668,4.672004222869873
562,5.0,5,1.0,7.833333333333333,0.05000000000000001,5.315000534057617
563,5.0,10,1.0,7.75,0.04833333333333334,5.334994316101074
564,5.0,50,0.9166666666666666,7.833333333333333,0.16666666666666666,6.089000701904297
565,5.0,20,1.0,7.833333333333333,0.07166666666666667,4.84800124168396
566,5.0,25,1.0,7.833333333333333,0.09500000000000001,5.088998794555664
567,0.1,1,1.0,7.833333333333333,0.03666666666666667,9.729000329971313
568,0.1,2,1.0,7.833333333333333,0.028333333333333335,6.207000255584717
569,0.1,4,1.0,7.833333333333333,0.02,5.571999788284302
570,0.1,100,1.0,7.833333333333333,0.03833333333333334,4.348999977111816
571,0.1,5,0.9166666666666666,7.833333333333333,0.03166666666666667,5.1570000648498535
572,0.1,10,1.0,8.0,0.045000000000000005,5.228000164031982
573,0.1,50,0.9166666666666666,8.0,0.043333333333333335,6.067002296447754
574,0.1,20,0.9166666666666666,8.0,0.041666666666666664,4.862997770309448
575,0.1,25,1.0,7.833333333333333,0.041666666666666664,5.001999855041504
576,0.7125,1,1.0,7.833333333333333,0.03666666666666667,10.037999868392944
577,0.7125,2,1.0,7.833333333333333,0.028333333333333335,6.36400032043457
578,0.7125,4,1.0,7.833333333333333,0.024999999999999998,5.634003162384033
579,0.7125,100,1.0,7.833333333333333,0.03833333333333334,4.5099968910217285
580,0.7125,5,1.0,7.833333333333333,0.03166666666666667,5.24299955368042
581,0.7125,10,0.9166666666666666,7.833333333333333,0.04,5.291999816894531
582,0.7125,50,1.0,8.0,0.043333333333333335,6.098999977111816
583,0.7125,20,0.9166666666666666,8.0,0.035,4.889000177383423
584,0.7125,25,1.0,7.833333333333333,0.04,5.058049201965332
585,1.3250000000000002,1,1.0,7.833333333333333,0.03666666666666667,9.883999824523926
586,1.3250000000000002,2,1.0,7.833333333333333,0.03,6.254002571105957
587,1.3250000000000002,4,1.0,7.833333333333333,0.02666666666666667,5.5279974937438965
588,1.3250000000000002,100,1.0,7.833333333333333,0.035,4.388000965118408
589,1.3250000000000002,5,0.9166666666666666,7.833333333333333,0.03,5.20600438117981
590,1.3250000000000002,10,1.0,8.0,0.045000000000000005,5.296024322509766
591,1.3250000000000002,50,1.0,7.833333333333333,0.045000000000000005,6.002997398376465
592,1.3250000000000002,20,1.0,8.0,0.03833333333333334,4.836002826690674
593,1.3250000000000002,25,1.0,7.833333333333333,0.043333333333333335,5.023019790649414
594,1.9375000000000002,1,1.0,7.833333333333333,0.03666666666666667,9.802999496459961
595,1.9375000000000002,2,1.0,7.833333333333333,0.03333333333333333,6.283002138137817
596,1.9375000000000002,4,1.0,7.833333333333333,0.03166666666666667,5.5989978313446045
597,1.9375000000000002,100,1.0,7.833333333333333,0.03333333333333333,4.371004819869995
598,1.9375000000000002,5,1.0,7.833333333333333,0.028333333333333335,5.243994951248169
599,1.9375000000000002,10,1.0,7.833333333333333,0.03333333333333333,5.241000413894653
600,1.9375000000000002,50,1.0,7.833333333333333,0.030000000000000002,5.974999904632568
601,1.9375000000000002,20,1.0,7.833333333333333,0.041666666666666664,4.871000528335571
602,1.9375000000000002,25,1.0,7.833333333333333,0.03333333333333333,4.994999170303345
603,2.5500000000000003,1,1.0,7.833333333333333,0.03666666666666667,9.725000381469727
604,2.5500000000000003,2,0.9166666666666666,7.833333333333333,0.03333333333333333,6.300999879837036
605,2.5500000000000003,4,1.0,7.833333333333333,0.02,5.541999816894531
606,2.5500000000000003,100,0.75,8.0,0.10833333333333332,4.514002323150635
607,2.5500000000000003,5,1.0,7.833333333333333,0.03,5.219015598297119
608,2.5500000000000003,10,1.0,7.833333333333333,0.034999999999999996,5.278000354766846
609,2.5500000000000003,50,0.9166666666666666,7.833333333333333,0.06666666666666667,6.117003917694092
610,2.5500000000000003,20,1.0,7.833333333333333,0.04833333333333334,4.8909995555877686
611,2.5500000000000003,25,1.0,8.0,0.05833333333333334,5.09000301361084
612,3.1625,1,1.0,7.833333333333333,0.03666666666666667,9.74999713897705
613,3.1625,2,0.9166666666666666,7.833333333333333,0.041666666666666664,6.24600076675415
614,3.1625,4,1.0,7.833333333333333,0.02,5.578000068664551
615,3.1625,100,0.8333333333333334,7.833333333333333,0.10333333333333333,4.797001838684082
616,3.1625,5,1.0,7.833333333333333,0.030000000000000002,5.241000413894653
617,3.1625,10,1.0,7.833333333333333,0.045000000000000005,5.459996938705444
618,3.1625,50,1.0,7.833333333333333,0.09500000000000001,6.0940001010894775
619,3.1625,20,0.9166666666666666,7.833333333333333,0.06,4.868000268936157
620,3.1625,25,0.9166666666666666,8.0,0.06666666666666667,5.1389994621276855
621,3.7750000000000004,1,1.0,7.833333333333333,0.03666666666666667,9.798001050949097
622,3.7750000000000004,2,0.9166666666666666,7.833333333333333,0.036666666666666674,6.25999903678894
623,3.7750000000000004,4,1.0,7.833333333333333,0.015000000000000001,5.565999984741211
624,3.7750000000000004,100,1.0,7.833333333333333,0.15500000000000003,4.717000246047974
625,3.7750000000000004,5,1.0,7.833333333333333,0.028333333333333335,5.243999719619751
626,3.7750000000000004,10,1.0,7.833333333333333,0.041666666666666664,5.287003040313721
627,3.7750000000000004,50,1.0,7.833333333333333,0.11333333333333334,6.163998126983643
628,3.7750000000000004,20,0.9166666666666666,7.833333333333333,0.05666666666666668,4.891001462936401
629,3.7750000000000004,25,1.0,7.833333333333333,0.05833333333333334,5.113003253936768
630,4.3875,1,1.0,7.833333333333333,0.03666666666666667,9.942975521087646
631,4.3875,2,0.9166666666666666,7.833333333333333,0.03666666666666667,6.208999156951904
632,4.3875,4,1.0,7.833333333333333,0.021666666666666667,5.511109828948975
633,4.3875,100,0.9166666666666666,7.833333333333333,0.16499999999999998,4.887534856796265
634,4.3875,5,1.0,7.833333333333333,0.03,5.300061225891113
635,4.3875,10,1.0,7.833333333333333,0.045000000000000005,5.299750089645386
636,4.3875,50,0.9166666666666666,7.833333333333333,0.155,6.036001205444336
637,4.3875,20,0.9166666666666666,7.833333333333333,0.06666666666666667,4.854998350143433
638,4.3875,25,1.0,7.833333333333333,0.07166666666666667,5.2290003299713135
639,5.0,1,1.0,7.833333333333333,0.03666666666666667,10.484997272491455
640,5.0,2,0.9166666666666666,7.833333333333333,0.03833333333333334,6.3049986362457275
641,5.0,4,1.0,7.833333333333333,0.02,5.670000314712524
642,5.0,100,0.9166666666666666,7.833333333333333,0.155,4.887003660202026
643,5.0,5,1.0,7.833333333333333,0.03,5.729996204376221
644,5.0,10,1.0,7.833333333333333,0.045000000000000005,5.440999984741211
645,5.0,50,0.8333333333333334,7.833333333333333,0.13666666666666666,6.229999303817749
646,5.0,20,0.5,7.833333333333333,0.05833333333333333,4.994001865386963
647,5.0,25,1.0,7.833333333333333,0.08333333333333333,5.075999975204468
648,0.1,1,1.0,6.5,0.0016666666666666668,9.879999876022339
649,0.1,2,1.0,6.5,0.0,6.482003450393677
650,0.1,4,1.0,6.5,0.0,5.789995908737183
651,0.1,100,1.0,6.5,0.021666666666666667,4.333914756774902
652,0.1,5,1.0,6.5,0.0,5.231000661849976
653,0.1,10,1.0,6.5,0.0,5.328003883361816
654,0.1,50,1.0,6.5,0.018333333333333337,5.922999858856201
655,0.1,20,1.0,6.5,0.0,4.9500181674957275
656,0.1,25,1.0,6.5,0.0,5.061741828918457
657,0.7125,1,1.0,6.5,0.0016666666666666668,9.800269842147827
658,0.7125,2,1.0,6.5,0.0,6.3349997997283936
659,0.7125,4,1.0,6.5,0.0,5.621002197265625
660,0.7125,100,1.0,6.5,0.0033333333333333335,4.579000473022461
661,0.7125,5,1.0,6.5,0.0,6.1189985275268555
662,0.7125,10,1.0,6.5,0.0,5.5360023975372314
663,0.7125,50,1.0,6.5,0.0033333333333333335,6.0410003662109375
664,0.7125,20,1.0,6.5,0.0,5.091003894805908
665,0.7125,25,1.0,6.5,0.0,5.256000995635986
666,1.3250000000000002,1,1.0,6.5,0.0016666666666666668,10.342998743057251
667,1.3250000000000002,2,1.0,6.5,0.0,6.52700138092041
668,1.3250000000000002,4,1.0,6.5,0.0,5.714998483657837
669,1.3250000000000002,100,1.0,6.5,0.0033333333333333335,4.425999879837036
670,1.3250000000000002,5,1.0,6.5,0.0,5.46399998664856
671,1.3250000000000002,10,1.0,6.5,0.0,5.46500039100647
672,1.3250000000000002,50,1.0,6.5,0.015,6.230000257492065
673,1.3250000000000002,20,1.0,6.5,0.0016666666666666668,5.06299901008606
674,1.3250000000000002,25,1.0,6.5,0.0,5.297000408172607
675,1.9375000000000002,1,1.0,6.5,0.0016666666666666668,10.48199987411499
676,1.9375000000000002,2,1.0,6.5,0.0,6.708000183105469
677,1.9375000000000002,4,1.0,6.5,0.0,5.886995077133179
678,1.9375000000000002,100,1.0,6.5,0.006666666666666667,4.505003929138184
679,1.9375000000000002,5,1.0,6.5,0.0,5.571002006530762
680,1.9375000000000002,10,1.0,6.5,0.0,5.59999942779541
681,1.9375000000000002,50,1.0,6.5,0.013333333333333334,6.467000484466553
682,1.9375000000000002,20,1.0,6.5,0.0,5.335000276565552
683,1.9375000000000002,25,1.0,6.5,0.0,5.5289998054504395
684,2.5500000000000003,1,1.0,6.5,0.0016666666666666668,11.412001132965088
685,2.5500000000000003,2,1.0,6.5,0.0,6.574999809265137
686,2.5500000000000003,4,1.0,6.5,0.0,5.882998704910278
687,2.5500000000000003,100,1.0,6.5,0.09333333333333334,4.69300103187561
688,2.5500000000000003,5,1.0,6.5,0.0,5.614999294281006
689,2.5500000000000003,10,1.0,6.5,0.0,5.8962931632995605
690,2.5500000000000003,50,1.0,6.5,0.06333333333333334,6.393305540084839
691,2.5500000000000003,20,1.0,6.5,0.0016666666666666668,5.146115064620972
692,2.5500000000000003,25,1.0,6.5,0.008333333333333333,5.314000129699707
693,3.1625,1,1.0,6.5,0.0016666666666666668,10.776000022888184
694,3.1625,2,1.0,6.5,0.0016666666666666668,6.630999803543091
695,3.1625,4,1.0,6.5,0.0,5.823999404907227
696,3.1625,100,1.0,6.5,0.10333333333333335,4.9840006828308105
697,3.1625,5,1.0,6.5,0.0,5.469996452331543
698,3.1625,10,1.0,6.5,0.0,5.690000295639038
699,3.1625,50,1.0,6.5,0.04833333333333334,6.416996717453003
700,3.1625,20,1.0,6.5,0.006666666666666667,5.099004745483398
701,3.1625,25,1.0,6.5,0.013333333333333334,5.3399975299835205
702,3.7750000000000004,1,1.0,6.5,0.0016666666666666668,10.806000232696533
703,3.7750000000000004,2,1.0,6.5,0.023333333333333334,6.602995872497559
704,3.7750000000000004,4,1.0,6.5,0.006666666666666667,5.822999715805054
705,3.7750000000000004,100,1.0,6.5,0.1516666666666667,4.827004432678223
706,3.7750000000000004,5,1.0,6.5,0.0016666666666666668,5.60299825668335
707,3.7750000000000004,10,1.0,6.5,0.0033333333333333335,5.784002065658569
708,3.7750000000000004,50,1.0,6.5,0.08333333333333333,6.470999717712402
709,3.7750000000000004,20,1.0,6.5,0.005,5.210999965667725
710,3.7750000000000004,25,1.0,6.5,0.015,5.341995477676392
711,4.3875,1,1.0,6.5,0.0016666666666666668,10.73700475692749
712,4.3875,2,1.0,6.5,0.023333333333333334,6.51900053024292
713,4.3875,4,1.0,6.5,0.005,5.808999300003052
714,4.3875,100,1.0,6.75,0.19500000000000003,4.930999755859375
715,4.3875,5,1.0,6.5,0.0016666666666666668,5.504000425338745
716,4.3875,10,1.0,6.5,0.013333333333333334,5.718999624252319
717,4.3875,50,0.8333333333333334,6.5,0.11166666666666665,6.38599967956543
718,4.3875,20,1.0,6.5,0.016666666666666666,5.25600004196167
719,4.3875,25,1.0,6.5,0.03833333333333334,5.378000259399414
720,5.0,1,1.0,6.5,0.0016666666666666668,10.713995933532715
721,5.0,2,1.0,6.5,0.028333333333333332,6.543999195098877
722,5.0,4,1.0,6.5,0.008333333333333333,5.830000638961792
723,5.0,100,0.75,7.0,0.2166666666666667,4.955004453659058
724,5.0,5,0.9166666666666666,6.5,0.01,5.540999889373779
725,5.0,10,1.0,6.5,0.0016666666666666668,5.799998044967651
726,5.0,50,1.0,6.5,0.17333333333333334,6.537338018417358
727,5.0,20,1.0,6.5,0.023333333333333334,5.212964057922363
728,5.0,25,0.9166666666666666,6.5,0.02666666666666667,5.387998819351196
729,0.1,1,0.8333333333333334,7.5,0.005,10.909996032714844
730,0.1,2,0.8333333333333334,7.5,0.011666666666666667,6.468000411987305
731,0.1,4,0.8333333333333334,7.5,0.021666666666666667,5.748005151748657
732,0.1,100,0.9166666666666666,7.166666666666667,0.06166666666666667,4.107998847961426
733,0.1,5,0.8333333333333334,7.5,0.015,5.455996513366699
734,0.1,10,0.8333333333333334,7.5,0.024999999999999998,5.510004043579102
735,0.1,50,0.8333333333333334,7.5,0.049999999999999996,6.094999551773071
736,0.1,20,0.8333333333333334,7.5,0.021666666666666667,4.952000141143799
737,0.1,25,0.8333333333333334,7.5,0.041666666666666664,5.1100006103515625
738,0.7125,1,0.8333333333333334,7.5,0.005,10.802999496459961
739,0.7125,2,0.8333333333333334,7.5,0.021666666666666667,6.5249950885772705
740,0.7125,4,0.8333333333333334,7.5,0.02333333333333333,5.7940003871917725
741,0.7125,100,0.8333333333333334,7.166666666666667,0.06666666666666667,3.981003999710083
742,0.7125,5,0.8333333333333334,7.5,0.025000000000000005,5.422000408172607
743,0.7125,10,0.8333333333333334,7.5,0.03666666666666667,5.523998975753784
744,0.7125,50,0.8333333333333334,7.5,0.05333333333333334,6.147003173828125
745,0.7125,20,0.8333333333333334,7.5,0.024999999999999998,4.945999383926392
746,0.7125,25,0.8333333333333334,7.5,0.05000000000000001,5.13200044631958
747,1.3250000000000002,1,0.8333333333333334,7.5,0.005,10.887001514434814
748,1.3250000000000002,2,0.8333333333333334,7.5,0.02,6.547999382019043
749,1.3250000000000002,4,0.8333333333333334,7.5,0.03666666666666667,5.7699971199035645
750,1.3250000000000002,100,0.9166666666666666,7.166666666666667,0.05666666666666667,3.9450018405914307
751,1.3250000000000002,5,0.8333333333333334,7.5,0.03333333333333333,5.49500036239624
752,1.3250000000000002,10,0.8333333333333334,7.5,0.04,5.668999671936035
753,1.3250000000000002,50,0.8333333333333334,7.5,0.05333333333333334,6.2200000286102295
754,1.3250000000000002,20,0.8333333333333334,7.5,0.03,5.005001544952393
755,1.3250000000000002,25,0.8333333333333334,7.166666666666667,0.051666666666666666,5.1349992752075195
756,1.9375000000000002,1,0.8333333333333334,7.5,0.005,10.919999361038208
757,1.9375000000000002,2,0.8333333333333334,7.5,0.024999999999999998,6.603000164031982
758,1.9375000000000002,4,0.8333333333333334,7.5,0.041666666666666664,5.784999847412109
759,1.9375000000000002,100,0.9166666666666666,7.166666666666667,0.04833333333333334,4.006000518798828
760,1.9375000000000002,5,0.8333333333333334,7.5,0.034999999999999996,5.4599997997283936
761,1.9375000000000002,10,0.8333333333333334,7.5,0.03,5.541999578475952
762,1.9375000000000002,50,0.8333333333333334,7.5,0.03833333333333334,6.176000118255615
763,1.9375000000000002,20,0.8333333333333334,7.5,0.03,4.9790003299713135
764,1.9375000000000002,25,0.8333333333333334,7.5,0.045000000000000005,5.198999643325806
765,2.5500000000000003,1,0.8333333333333334,7.5,0.005,10.757999897003174
766,2.5500000000000003,2,0.8333333333333334,7.5,0.03166666666666667,6.506000995635986
767,2.5500000000000003,4,0.8333333333333334,7.5,0.03833333333333334,5.923999071121216
768,2.5500000000000003,100,0.9166666666666666,7.166666666666667,0.08166666666666668,4.077999830245972
769,2.5500000000000003,5,0.8333333333333334,7.5,0.021666666666666667,5.481000900268555
770,2.5500000000000003,10,0.8333333333333334,7.5,0.03,5.606995582580566
771,2.5500000000000003,50,0.9166666666666666,7.5,0.05666666666666668,6.3950042724609375
772,2.5500000000000003,20,0.8333333333333334,7.5,0.035,5.028999090194702
773,2.5500000000000003,25,0.9166666666666666,7.5,0.043333333333333335,5.238000392913818
774,3.1625,1,0.8333333333333334,7.5,0.005,10.717000246047974
775,3.1625,2,0.8333333333333334,7.5,0.04,6.624000072479248
776,3.1625,4,0.8333333333333334,7.5,0.03833333333333333,5.793999671936035
777,3.1625,100,0.9166666666666666,7.166666666666667,0.11000000000000003,4.877000093460083
778,3.1625,5,0.8333333333333334,7.5,0.03333333333333333,5.477000713348389
779,3.1625,10,0.8333333333333334,7.5,0.03833333333333334,5.667999744415283
780,3.1625,50,0.9166666666666666,7.5,0.07166666666666667,6.478999614715576
781,3.1625,20,0.8333333333333334,7.5,0.03166666666666667,5.085000514984131
782,3.1625,25,0.9166666666666666,7.5,0.041666666666666664,5.339999675750732
783,3.7750000000000004,1,0.8333333333333334,7.5,0.005,10.978994846343994
784,3.7750000000000004,2,0.8333333333333334,7.5,0.03833333333333334,6.60700535774231
785,3.7750000000000004,4,0.8333333333333334,7.5,0.04,5.81999945640564
786,3.7750000000000004,100,0.75,6.833333333333333,0.15,4.798996925354004
787,3.7750000000000004,5,0.8333333333333334,7.5,0.028333333333333335,5.462003231048584
788,3.7750000000000004,10,0.8333333333333334,7.5,0.03333333333333333,5.618000030517578
789,3.7750000000000004,50,0.9166666666666666,7.5,0.10333333333333333,6.348995923995972
790,3.7750000000000004,20,0.8333333333333334,7.5,0.030000000000000002,5.0120038986206055
791,3.7750000000000004,25,0.8333333333333334,7.5,0.05833333333333334,5.263000249862671
792,4.3875,1,0.8333333333333334,7.5,0.005,10.424121379852295
793,4.3875,2,0.8333333333333334,7.5,0.04,6.572994947433472
794,4.3875,4,0.8333333333333334,7.5,0.03166666666666667,5.746020793914795
795,4.3875,100,0.75,7.166666666666667,0.16833333333333336,4.788003444671631
796,4.3875,5,0.8333333333333334,7.5,0.03333333333333333,5.481996536254883
797,4.3875,10,0.8333333333333334,7.5,0.028333333333333332,5.421002626419067
798,4.3875,50,0.9166666666666666,7.5,0.15833333333333335,9.226902723312378
799,4.3875,20,0.75,7.5,0.055,5.267998695373535
800,4.3875,25,0.75,7.5,0.06500000000000002,5.388999700546265
801,5.0,1,0.8333333333333334,7.5,0.005,10.469001770019531
802,5.0,2,0.8333333333333334,7.5,0.04,6.425997734069824
803,5.0,4,0.8333333333333334,7.5,0.03333333333333333,5.83600115776062
804,5.0,100,0.9166666666666666,7.166666666666667,0.17833333333333337,5.040000677108765
805,5.0,5,0.8333333333333334,7.5,0.04,5.641000032424927
806,5.0,10,0.8333333333333334,7.5,0.021666666666666667,5.631999492645264
807,5.0,50,0.9166666666666666,7.5,0.14833333333333334,6.438999652862549
808,5.0,20,0.8333333333333334,7.5,0.04666666666666667,5.130999565124512
809,5.0,25,0.9166666666666666,7.5,0.06666666666666667,5.4010009765625
